,0,1,2,3,4,5,6,7,8,9,energy,is_feasible,is_satisfied,num_occurrences
0,0,0,0,0,0,0,0,0,0,0,0.0,True,True,1
1,0,1,0,0,0,0,0,0,0,0,-1.0,True,True,1
2,1,0,0,0,0,0,0,0,0,0,-1.0,True,True,1
3,1,1,0,0,0,0,0,0,0,0,-2.0,True,True,1
4,0,0,1,0,0,0,0,0,0,0,-1.0,True,True,1
5,0,1,1,0,0,0,0,0,0,0,-2.0,True,True,1
6,1,0,1,0,0,0,0,0,0,0,-2.0,False,False,1
7,1,1,1,0,0,0,0,0,0,0,-3.0,False,False,1
8,0,0,0,1,0,0,0,0,0,0,-1.0,True,True,1
9,0,1,0,1,0,0,0,0,0,0,-2.0,True,True,1
10,1,0,0,1,0,0,0,0,0,0,-2.0,True,True,1
11,1,1,0,1,0,0,0,0,0,0,-3.0,True,True,1
12,0,0,1,1,0,0,0,0,0,0,-2.0,True,True,1
13,0,1,1,1,0,0,0,0,0,0,-3.0,True,True,1
14,1,0,1,1,0,0,0,0,0,0,-3.0,False,False,1
15,1,1,1,1,0,0,0,0,0,0,-4.0,False,False,1
16,0,0,0,0,1,0,0,0,0,0,-1.0,True,True,1
17,0,1,0,0,1,0,0,0,0,0,-2.0,True,True,1
18,1,0,0,0,1,0,0,0,0,0,-2.0,True,True,1
19,1,1,0,0,1,0,0,0,0,0,-3.0,True,True,1
20,0,0,1,0,1,0,0,0,0,0,-2.0,False,False,1
21,0,1,1,0,1,0,0,0,0,0,-3.0,False,False,1
22,1,0,1,0,1,0,0,0,0,0,-3.0,False,False,1
23,1,1,1,0,1,0,0,0,0,0,-4.0,False,False,1
24,0,0,0,1,1,0,0,0,0,0,-2.0,True,True,1
25,0,1,0,1,1,0,0,0,0,0,-3.0,True,True,1
26,1,0,0,1,1,0,0,0,0,0,-3.0,True,True,1
27,1,1,0,1,1,0,0,0,0,0,-4.0,True,True,1
28,0,0,1,1,1,0,0,0,0,0,-3.0,False,False,1
29,0,1,1,1,1,0,0,0,0,0,-4.0,False,False,1
30,1,0,1,1,1,0,0,0,0,0,-4.0,False,False,1
31,1,1,1,1,1,0,0,0,0,0,-5.0,False,False,1
32,0,0,0,0,0,1,0,0,0,0,-1.0,True,True,1
33,0,1,0,0,0,1,0,0,0,0,-2.0,False,False,1
34,1,0,0,0,0,1,0,0,0,0,-2.0,True,True,1
35,1,1,0,0,0,1,0,0,0,0,-3.0,False,False,1
36,0,0,1,0,0,1,0,0,0,0,-2.0,False,False,1
37,0,1,1,0,0,1,0,0,0,0,-3.0,False,False,1
38,1,0,1,0,0,1,0,0,0,0,-3.0,False,False,1
39,1,1,1,0,0,1,0,0,0,0,-4.0,False,False,1
40,0,0,0,1,0,1,0,0,0,0,-2.0,True,True,1
41,0,1,0,1,0,1,0,0,0,0,-3.0,False,False,1
42,1,0,0,1,0,1,0,0,0,0,-3.0,True,True,1
43,1,1,0,1,0,1,0,0,0,0,-4.0,False,False,1
44,0,0,1,1,0,1,0,0,0,0,-3.0,False,False,1
45,0,1,1,1,0,1,0,0,0,0,-4.0,False,False,1
46,1,0,1,1,0,1,0,0,0,0,-4.0,False,False,1
47,1,1,1,1,0,1,0,0,0,0,-5.0,False,False,1
48,0,0,0,0,1,1,0,0,0,0,-2.0,True,True,1
49,0,1,0,0,1,1,0,0,0,0,-3.0,False,False,1
50,1,0,0,0,1,1,0,0,0,0,-3.0,True,True,1
51,1,1,0,0,1,1,0,0,0,0,-4.0,False,False,1
52,0,0,1,0,1,1,0,0,0,0,-3.0,False,False,1
53,0,1,1,0,1,1,0,0,0,0,-4.0,False,False,1
54,1,0,1,0,1,1,0,0,0,0,-4.0,False,False,1
55,1,1,1,0,1,1,0,0,0,0,-5.0,False,False,1
56,0,0,0,1,1,1,0,0,0,0,-3.0,True,True,1
57,0,1,0,1,1,1,0,0,0,0,-4.0,False,False,1
58,1,0,0,1,1,1,0,0,0,0,-4.0,True,True,1
59,1,1,0,1,1,1,0,0,0,0,-5.0,False,False,1
60,0,0,1,1,1,1,0,0,0,0,-4.0,False,False,1
61,0,1,1,1,1,1,0,0,0,0,-5.0,False,False,1
62,1,0,1,1,1,1,0,0,0,0,-5.0,False,False,1
63,1,1,1,1,1,1,0,0,0,0,-6.0,False,False,1
64,0,0,0,0,0,0,1,0,0,0,-1.0,True,True,1
65,0,1,0,0,0,0,1,0,0,0,-2.0,False,False,1
66,1,0,0,0,0,0,1,0,0,0,-2.0,True,True,1
67,1,1,0,0,0,0,1,0,0,0,-3.0,False,False,1
68,0,0,1,0,0,0,1,0,0,0,-2.0,True,True,1
69,0,1,1,0,0,0,1,0,0,0,-3.0,False,False,1
70,1,0,1,0,0,0,1,0,0,0,-3.0,False,False,1
71,1,1,1,0,0,0,1,0,0,0,-4.0,False,False,1
72,0,0,0,1,0,0,1,0,0,0,-2.0,True,True,1
73,0,1,0,1,0,0,1,0,0,0,-3.0,False,False,1
74,1,0,0,1,0,0,1,0,0,0,-3.0,True,True,1
75,1,1,0,1,0,0,1,0,0,0,-4.0,False,False,1
76,0,0,1,1,0,0,1,0,0,0,-3.0,True,True,1
77,0,1,1,1,0,0,1,0,0,0,-4.0,False,False,1
78,1,0,1,1,0,0,1,0,0,0,-4.0,False,False,1
79,1,1,1,1,0,0,1,0,0,0,-5.0,False,False,1
80,0,0,0,0,1,0,1,0,0,0,-2.0,True,True,1
81,0,1,0,0,1,0,1,0,0,0,-3.0,False,False,1
82,1,0,0,0,1,0,1,0,0,0,-3.0,True,True,1
83,1,1,0,0,1,0,1,0,0,0,-4.0,False,False,1
84,0,0,1,0,1,0,1,0,0,0,-3.0,False,False,1
85,0,1,1,0,1,0,1,0,0,0,-4.0,False,False,1
86,1,0,1,0,1,0,1,0,0,0,-4.0,False,False,1
87,1,1,1,0,1,0,1,0,0,0,-5.0,False,False,1
88,0,0,0,1,1,0,1,0,0,0,-3.0,True,True,1
89,0,1,0,1,1,0,1,0,0,0,-4.0,False,False,1
90,1,0,0,1,1,0,1,0,0,0,-4.0,True,True,1
91,1,1,0,1,1,0,1,0,0,0,-5.0,False,False,1
92,0,0,1,1,1,0,1,0,0,0,-4.0,False,False,1
93,0,1,1,1,1,0,1,0,0,0,-5.0,False,False,1
94,1,0,1,1,1,0,1,0,0,0,-5.0,False,False,1
95,1,1,1,1,1,0,1,0,0,0,-6.0,False,False,1
96,0,0,0,0,0,1,1,0,0,0,-2.0,True,True,1
97,0,1,0,0,0,1,1,0,0,0,-3.0,False,False,1
98,1,0,0,0,0,1,1,0,0,0,-3.0,True,True,1
99,1,1,0,0,0,1,1,0,0,0,-4.0,False,False,1
100,0,0,1,0,0,1,1,0,0,0,-3.0,False,False,1
101,0,1,1,0,0,1,1,0,0,0,-4.0,False,False,1
102,1,0,1,0,0,1,1,0,0,0,-4.0,False,False,1
103,1,1,1,0,0,1,1,0,0,0,-5.0,False,False,1
104,0,0,0,1,0,1,1,0,0,0,-3.0,True,True,1
105,0,1,0,1,0,1,1,0,0,0,-4.0,False,False,1
106,1,0,0,1,0,1,1,0,0,0,-4.0,True,True,1
107,1,1,0,1,0,1,1,0,0,0,-5.0,False,False,1
108,0,0,1,1,0,1,1,0,0,0,-4.0,False,False,1
109,0,1,1,1,0,1,1,0,0,0,-5.0,False,False,1
110,1,0,1,1,0,1,1,0,0,0,-5.0,False,False,1
111,1,1,1,1,0,1,1,0,0,0,-6.0,False,False,1
112,0,0,0,0,1,1,1,0,0,0,-3.0,True,True,1
113,0,1,0,0,1,1,1,0,0,0,-4.0,False,False,1
114,1,0,0,0,1,1,1,0,0,0,-4.0,True,True,1
115,1,1,0,0,1,1,1,0,0,0,-5.0,False,False,1
116,0,0,1,0,1,1,1,0,0,0,-4.0,False,False,1
117,0,1,1,0,1,1,1,0,0,0,-5.0,False,False,1
118,1,0,1,0,1,1,1,0,0,0,-5.0,False,False,1
119,1,1,1,0,1,1,1,0,0,0,-6.0,False,False,1
120,0,0,0,1,1,1,1,0,0,0,-4.0,True,True,1
121,0,1,0,1,1,1,1,0,0,0,-5.0,False,False,1
122,1,0,0,1,1,1,1,0,0,0,-5.0,True,True,1
123,1,1,0,1,1,1,1,0,0,0,-6.0,False,False,1
124,0,0,1,1,1,1,1,0,0,0,-5.0,False,False,1
125,0,1,1,1,1,1,1,0,0,0,-6.0,False,False,1
126,1,0,1,1,1,1,1,0,0,0,-6.0,False,False,1
127,1,1,1,1,1,1,1,0,0,0,-7.0,False,False,1
128,0,0,0,0,0,0,0,1,0,0,-1.0,True,True,1
129,0,1,0,0,0,0,0,1,0,0,-2.0,False,False,1
130,1,0,0,0,0,0,0,1,0,0,-2.0,True,True,1
131,1,1,0,0,0,0,0,1,0,0,-3.0,False,False,1
132,0,0,1,0,0,0,0,1,0,0,-2.0,False,False,1
133,0,1,1,0,0,0,0,1,0,0,-3.0,False,False,1
134,1,0,1,0,0,0,0,1,0,0,-3.0,False,False,1
135,1,1,1,0,0,0,0,1,0,0,-4.0,False,False,1
136,0,0,0,1,0,0,0,1,0,0,-2.0,True,True,1
137,0,1,0,1,0,0,0,1,0,0,-3.0,False,False,1
138,1,0,0,1,0,0,0,1,0,0,-3.0,True,True,1
139,1,1,0,1,0,0,0,1,0,0,-4.0,False,False,1
140,0,0,1,1,0,0,0,1,0,0,-3.0,False,False,1
141,0,1,1,1,0,0,0,1,0,0,-4.0,False,False,1
142,1,0,1,1,0,0,0,1,0,0,-4.0,False,False,1
143,1,1,1,1,0,0,0,1,0,0,-5.0,False,False,1
144,0,0,0,0,1,0,0,1,0,0,-2.0,True,True,1
145,0,1,0,0,1,0,0,1,0,0,-3.0,False,False,1
146,1,0,0,0,1,0,0,1,0,0,-3.0,True,True,1
147,1,1,0,0,1,0,0,1,0,0,-4.0,False,False,1
148,0,0,1,0,1,0,0,1,0,0,-3.0,False,False,1
149,0,1,1,0,1,0,0,1,0,0,-4.0,False,False,1
150,1,0,1,0,1,0,0,1,0,0,-4.0,False,False,1
151,1,1,1,0,1,0,0,1,0,0,-5.0,False,False,1
152,0,0,0,1,1,0,0,1,0,0,-3.0,True,True,1
153,0,1,0,1,1,0,0,1,0,0,-4.0,False,False,1
154,1,0,0,1,1,0,0,1,0,0,-4.0,True,True,1
155,1,1,0,1,1,0,0,1,0,0,-5.0,False,False,1
156,0,0,1,1,1,0,0,1,0,0,-4.0,False,False,1
157,0,1,1,1,1,0,0,1,0,0,-5.0,False,False,1
158,1,0,1,1,1,0,0,1,0,0,-5.0,False,False,1
159,1,1,1,1,1,0,0,1,0,0,-6.0,False,False,1
160,0,0,0,0,0,1,0,1,0,0,-2.0,True,True,1
161,0,1,0,0,0,1,0,1,0,0,-3.0,False,False,1
162,1,0,0,0,0,1,0,1,0,0,-3.0,True,True,1
163,1,1,0,0,0,1,0,1,0,0,-4.0,False,False,1
164,0,0,1,0,0,1,0,1,0,0,-3.0,False,False,1
165,0,1,1,0,0,1,0,1,0,0,-4.0,False,False,1
166,1,0,1,0,0,1,0,1,0,0,-4.0,False,False,1
167,1,1,1,0,0,1,0,1,0,0,-5.0,False,False,1
168,0,0,0,1,0,1,0,1,0,0,-3.0,True,True,1
169,0,1,0,1,0,1,0,1,0,0,-4.0,False,False,1
170,1,0,0,1,0,1,0,1,0,0,-4.0,True,True,1
171,1,1,0,1,0,1,0,1,0,0,-5.0,False,False,1
172,0,0,1,1,0,1,0,1,0,0,-4.0,False,False,1
173,0,1,1,1,0,1,0,1,0,0,-5.0,False,False,1
174,1,0,1,1,0,1,0,1,0,0,-5.0,False,False,1
175,1,1,1,1,0,1,0,1,0,0,-6.0,False,False,1
176,0,0,0,0,1,1,0,1,0,0,-3.0,True,True,1
177,0,1,0,0,1,1,0,1,0,0,-4.0,False,False,1
178,1,0,0,0,1,1,0,1,0,0,-4.0,True,True,1
179,1,1,0,0,1,1,0,1,0,0,-5.0,False,False,1
180,0,0,1,0,1,1,0,1,0,0,-4.0,False,False,1
181,0,1,1,0,1,1,0,1,0,0,-5.0,False,False,1
182,1,0,1,0,1,1,0,1,0,0,-5.0,False,False,1
183,1,1,1,0,1,1,0,1,0,0,-6.0,False,False,1
184,0,0,0,1,1,1,0,1,0,0,-4.0,True,True,1
185,0,1,0,1,1,1,0,1,0,0,-5.0,False,False,1
186,1,0,0,1,1,1,0,1,0,0,-5.0,True,True,1
187,1,1,0,1,1,1,0,1,0,0,-6.0,False,False,1
188,0,0,1,1,1,1,0,1,0,0,-5.0,False,False,1
189,0,1,1,1,1,1,0,1,0,0,-6.0,False,False,1
190,1,0,1,1,1,1,0,1,0,0,-6.0,False,False,1
191,1,1,1,1,1,1,0,1,0,0,-7.0,False,False,1
192,0,0,0,0,0,0,1,1,0,0,-2.0,True,True,1
193,0,1,0,0,0,0,1,1,0,0,-3.0,False,False,1
194,1,0,0,0,0,0,1,1,0,0,-3.0,True,True,1
195,1,1,0,0,0,0,1,1,0,0,-4.0,False,False,1
196,0,0,1,0,0,0,1,1,0,0,-3.0,False,False,1
197,0,1,1,0,0,0,1,1,0,0,-4.0,False,False,1
198,1,0,1,0,0,0,1,1,0,0,-4.0,False,False,1
199,1,1,1,0,0,0,1,1,0,0,-5.0,False,False,1
200,0,0,0,1,0,0,1,1,0,0,-3.0,True,True,1
201,0,1,0,1,0,0,1,1,0,0,-4.0,False,False,1
202,1,0,0,1,0,0,1,1,0,0,-4.0,True,True,1
203,1,1,0,1,0,0,1,1,0,0,-5.0,False,False,1
204,0,0,1,1,0,0,1,1,0,0,-4.0,False,False,1
205,0,1,1,1,0,0,1,1,0,0,-5.0,False,False,1
206,1,0,1,1,0,0,1,1,0,0,-5.0,False,False,1
207,1,1,1,1,0,0,1,1,0,0,-6.0,False,False,1
208,0,0,0,0,1,0,1,1,0,0,-3.0,True,True,1
209,0,1,0,0,1,0,1,1,0,0,-4.0,False,False,1
210,1,0,0,0,1,0,1,1,0,0,-4.0,True,True,1
211,1,1,0,0,1,0,1,1,0,0,-5.0,False,False,1
212,0,0,1,0,1,0,1,1,0,0,-4.0,False,False,1
213,0,1,1,0,1,0,1,1,0,0,-5.0,False,False,1
214,1,0,1,0,1,0,1,1,0,0,-5.0,False,False,1
215,1,1,1,0,1,0,1,1,0,0,-6.0,False,False,1
216,0,0,0,1,1,0,1,1,0,0,-4.0,True,True,1
217,0,1,0,1,1,0,1,1,0,0,-5.0,False,False,1
218,1,0,0,1,1,0,1,1,0,0,-5.0,True,True,1
219,1,1,0,1,1,0,1,1,0,0,-6.0,False,False,1
220,0,0,1,1,1,0,1,1,0,0,-5.0,False,False,1
221,0,1,1,1,1,0,1,1,0,0,-6.0,False,False,1
222,1,0,1,1,1,0,1,1,0,0,-6.0,False,False,1
223,1,1,1,1,1,0,1,1,0,0,-7.0,False,False,1
224,0,0,0,0,0,1,1,1,0,0,-3.0,True,True,1
225,0,1,0,0,0,1,1,1,0,0,-4.0,False,False,1
226,1,0,0,0,0,1,1,1,0,0,-4.0,True,True,1
227,1,1,0,0,0,1,1,1,0,0,-5.0,False,False,1
228,0,0,1,0,0,1,1,1,0,0,-4.0,False,False,1
229,0,1,1,0,0,1,1,1,0,0,-5.0,False,False,1
230,1,0,1,0,0,1,1,1,0,0,-5.0,False,False,1
231,1,1,1,0,0,1,1,1,0,0,-6.0,False,False,1
232,0,0,0,1,0,1,1,1,0,0,-4.0,True,True,1
233,0,1,0,1,0,1,1,1,0,0,-5.0,False,False,1
234,1,0,0,1,0,1,1,1,0,0,-5.0,True,True,1
235,1,1,0,1,0,1,1,1,0,0,-6.0,False,False,1
236,0,0,1,1,0,1,1,1,0,0,-5.0,False,False,1
237,0,1,1,1,0,1,1,1,0,0,-6.0,False,False,1
238,1,0,1,1,0,1,1,1,0,0,-6.0,False,False,1
239,1,1,1,1,0,1,1,1,0,0,-7.0,False,False,1
240,0,0,0,0,1,1,1,1,0,0,-4.0,True,True,1
241,0,1,0,0,1,1,1,1,0,0,-5.0,False,False,1
242,1,0,0,0,1,1,1,1,0,0,-5.0,True,True,1
243,1,1,0,0,1,1,1,1,0,0,-6.0,False,False,1
244,0,0,1,0,1,1,1,1,0,0,-5.0,False,False,1
245,0,1,1,0,1,1,1,1,0,0,-6.0,False,False,1
246,1,0,1,0,1,1,1,1,0,0,-6.0,False,False,1
247,1,1,1,0,1,1,1,1,0,0,-7.0,False,False,1
248,0,0,0,1,1,1,1,1,0,0,-5.0,True,True,1
249,0,1,0,1,1,1,1,1,0,0,-6.0,False,False,1
250,1,0,0,1,1,1,1,1,0,0,-6.0,True,True,1
251,1,1,0,1,1,1,1,1,0,0,-7.0,False,False,1
252,0,0,1,1,1,1,1,1,0,0,-6.0,False,False,1
253,0,1,1,1,1,1,1,1,0,0,-7.0,False,False,1
254,1,0,1,1,1,1,1,1,0,0,-7.0,False,False,1
255,1,1,1,1,1,1,1,1,0,0,-8.0,False,False,1
256,0,0,0,0,0,0,0,0,1,0,-1.0,True,True,1
257,0,1,0,0,0,0,0,0,1,0,-2.0,True,True,1
258,1,0,0,0,0,0,0,0,1,0,-2.0,True,True,1
259,1,1,0,0,0,0,0,0,1,0,-3.0,True,True,1
260,0,0,1,0,0,0,0,0,1,0,-2.0,True,True,1
261,0,1,1,0,0,0,0,0,1,0,-3.0,True,True,1
262,1,0,1,0,0,0,0,0,1,0,-3.0,False,False,1
263,1,1,1,0,0,0,0,0,1,0,-4.0,False,False,1
264,0,0,0,1,0,0,0,0,1,0,-2.0,True,True,1
265,0,1,0,1,0,0,0,0,1,0,-3.0,True,True,1
266,1,0,0,1,0,0,0,0,1,0,-3.0,True,True,1
267,1,1,0,1,0,0,0,0,1,0,-4.0,True,True,1
268,0,0,1,1,0,0,0,0,1,0,-3.0,True,True,1
269,0,1,1,1,0,0,0,0,1,0,-4.0,True,True,1
270,1,0,1,1,0,0,0,0,1,0,-4.0,False,False,1
271,1,1,1,1,0,0,0,0,1,0,-5.0,False,False,1
272,0,0,0,0,1,0,0,0,1,0,-2.0,True,True,1
273,0,1,0,0,1,0,0,0,1,0,-3.0,True,True,1
274,1,0,0,0,1,0,0,0,1,0,-3.0,True,True,1
275,1,1,0,0,1,0,0,0,1,0,-4.0,True,True,1
276,0,0,1,0,1,0,0,0,1,0,-3.0,False,False,1
277,0,1,1,0,1,0,0,0,1,0,-4.0,False,False,1
278,1,0,1,0,1,0,0,0,1,0,-4.0,False,False,1
279,1,1,1,0,1,0,0,0,1,0,-5.0,False,False,1
280,0,0,0,1,1,0,0,0,1,0,-3.0,True,True,1
281,0,1,0,1,1,0,0,0,1,0,-4.0,True,True,1
282,1,0,0,1,1,0,0,0,1,0,-4.0,True,True,1
283,1,1,0,1,1,0,0,0,1,0,-5.0,True,True,1
284,0,0,1,1,1,0,0,0,1,0,-4.0,False,False,1
285,0,1,1,1,1,0,0,0,1,0,-5.0,False,False,1
286,1,0,1,1,1,0,0,0,1,0,-5.0,False,False,1
287,1,1,1,1,1,0,0,0,1,0,-6.0,False,False,1
288,0,0,0,0,0,1,0,0,1,0,-2.0,True,True,1
289,0,1,0,0,0,1,0,0,1,0,-3.0,False,False,1
290,1,0,0,0,0,1,0,0,1,0,-3.0,True,True,1
291,1,1,0,0,0,1,0,0,1,0,-4.0,False,False,1
292,0,0,1,0,0,1,0,0,1,0,-3.0,False,False,1
293,0,1,1,0,0,1,0,0,1,0,-4.0,False,False,1
294,1,0,1,0,0,1,0,0,1,0,-4.0,False,False,1
295,1,1,1,0,0,1,0,0,1,0,-5.0,False,False,1
296,0,0,0,1,0,1,0,0,1,0,-3.0,True,True,1
297,0,1,0,1,0,1,0,0,1,0,-4.0,False,False,1
298,1,0,0,1,0,1,0,0,1,0,-4.0,True,True,1
299,1,1,0,1,0,1,0,0,1,0,-5.0,False,False,1
300,0,0,1,1,0,1,0,0,1,0,-4.0,False,False,1
301,0,1,1,1,0,1,0,0,1,0,-5.0,False,False,1
302,1,0,1,1,0,1,0,0,1,0,-5.0,False,False,1
303,1,1,1,1,0,1,0,0,1,0,-6.0,False,False,1
304,0,0,0,0,1,1,0,0,1,0,-3.0,True,True,1
305,0,1,0,0,1,1,0,0,1,0,-4.0,False,False,1
306,1,0,0,0,1,1,0,0,1,0,-4.0,True,True,1
307,1,1,0,0,1,1,0,0,1,0,-5.0,False,False,1
308,0,0,1,0,1,1,0,0,1,0,-4.0,False,False,1
309,0,1,1,0,1,1,0,0,1,0,-5.0,False,False,1
310,1,0,1,0,1,1,0,0,1,0,-5.0,False,False,1
311,1,1,1,0,1,1,0,0,1,0,-6.0,False,False,1
312,0,0,0,1,1,1,0,0,1,0,-4.0,True,True,1
313,0,1,0,1,1,1,0,0,1,0,-5.0,False,False,1
314,1,0,0,1,1,1,0,0,1,0,-5.0,True,True,1
315,1,1,0,1,1,1,0,0,1,0,-6.0,False,False,1
316,0,0,1,1,1,1,0,0,1,0,-5.0,False,False,1
317,0,1,1,1,1,1,0,0,1,0,-6.0,False,False,1
318,1,0,1,1,1,1,0,0,1,0,-6.0,False,False,1
319,1,1,1,1,1,1,0,0,1,0,-7.0,False,False,1
320,0,0,0,0,0,0,1,0,1,0,-2.0,True,True,1
321,0,1,0,0,0,0,1,0,1,0,-3.0,False,False,1
322,1,0,0,0,0,0,1,0,1,0,-3.0,True,True,1
323,1,1,0,0,0,0,1,0,1,0,-4.0,False,False,1
324,0,0,1,0,0,0,1,0,1,0,-3.0,True,True,1
325,0,1,1,0,0,0,1,0,1,0,-4.0,False,False,1
326,1,0,1,0,0,0,1,0,1,0,-4.0,False,False,1
327,1,1,1,0,0,0,1,0,1,0,-5.0,False,False,1
328,0,0,0,1,0,0,1,0,1,0,-3.0,True,True,1
329,0,1,0,1,0,0,1,0,1,0,-4.0,False,False,1
330,1,0,0,1,0,0,1,0,1,0,-4.0,True,True,1
331,1,1,0,1,0,0,1,0,1,0,-5.0,False,False,1
332,0,0,1,1,0,0,1,0,1,0,-4.0,True,True,1
333,0,1,1,1,0,0,1,0,1,0,-5.0,False,False,1
334,1,0,1,1,0,0,1,0,1,0,-5.0,False,False,1
335,1,1,1,1,0,0,1,0,1,0,-6.0,False,False,1
336,0,0,0,0,1,0,1,0,1,0,-3.0,True,True,1
337,0,1,0,0,1,0,1,0,1,0,-4.0,False,False,1
338,1,0,0,0,1,0,1,0,1,0,-4.0,True,True,1
339,1,1,0,0,1,0,1,0,1,0,-5.0,False,False,1
340,0,0,1,0,1,0,1,0,1,0,-4.0,False,False,1
341,0,1,1,0,1,0,1,0,1,0,-5.0,False,False,1
342,1,0,1,0,1,0,1,0,1,0,-5.0,False,False,1
343,1,1,1,0,1,0,1,0,1,0,-6.0,False,False,1
344,0,0,0,1,1,0,1,0,1,0,-4.0,True,True,1
345,0,1,0,1,1,0,1,0,1,0,-5.0,False,False,1
346,1,0,0,1,1,0,1,0,1,0,-5.0,True,True,1
347,1,1,0,1,1,0,1,0,1,0,-6.0,False,False,1
348,0,0,1,1,1,0,1,0,1,0,-5.0,False,False,1
349,0,1,1,1,1,0,1,0,1,0,-6.0,False,False,1
350,1,0,1,1,1,0,1,0,1,0,-6.0,False,False,1
351,1,1,1,1,1,0,1,0,1,0,-7.0,False,False,1
352,0,0,0,0,0,1,1,0,1,0,-3.0,True,True,1
353,0,1,0,0,0,1,1,0,1,0,-4.0,False,False,1
354,1,0,0,0,0,1,1,0,1,0,-4.0,True,True,1
355,1,1,0,0,0,1,1,0,1,0,-5.0,False,False,1
356,0,0,1,0,0,1,1,0,1,0,-4.0,False,False,1
357,0,1,1,0,0,1,1,0,1,0,-5.0,False,False,1
358,1,0,1,0,0,1,1,0,1,0,-5.0,False,False,1
359,1,1,1,0,0,1,1,0,1,0,-6.0,False,False,1
360,0,0,0,1,0,1,1,0,1,0,-4.0,True,True,1
361,0,1,0,1,0,1,1,0,1,0,-5.0,False,False,1
362,1,0,0,1,0,1,1,0,1,0,-5.0,True,True,1
363,1,1,0,1,0,1,1,0,1,0,-6.0,False,False,1
364,0,0,1,1,0,1,1,0,1,0,-5.0,False,False,1
365,0,1,1,1,0,1,1,0,1,0,-6.0,False,False,1
366,1,0,1,1,0,1,1,0,1,0,-6.0,False,False,1
367,1,1,1,1,0,1,1,0,1,0,-7.0,False,False,1
368,0,0,0,0,1,1,1,0,1,0,-4.0,True,True,1
369,0,1,0,0,1,1,1,0,1,0,-5.0,False,False,1
370,1,0,0,0,1,1,1,0,1,0,-5.0,True,True,1
371,1,1,0,0,1,1,1,0,1,0,-6.0,False,False,1
372,0,0,1,0,1,1,1,0,1,0,-5.0,False,False,1
373,0,1,1,0,1,1,1,0,1,0,-6.0,False,False,1
374,1,0,1,0,1,1,1,0,1,0,-6.0,False,False,1
375,1,1,1,0,1,1,1,0,1,0,-7.0,False,False,1
376,0,0,0,1,1,1,1,0,1,0,-5.0,True,True,1
377,0,1,0,1,1,1,1,0,1,0,-6.0,False,False,1
378,1,0,0,1,1,1,1,0,1,0,-6.0,True,True,1
379,1,1,0,1,1,1,1,0,1,0,-7.0,False,False,1
380,0,0,1,1,1,1,1,0,1,0,-6.0,False,False,1
381,0,1,1,1,1,1,1,0,1,0,-7.0,False,False,1
382,1,0,1,1,1,1,1,0,1,0,-7.0,False,False,1
383,1,1,1,1,1,1,1,0,1,0,-8.0,False,False,1
384,0,0,0,0,0,0,0,1,1,0,-2.0,True,True,1
385,0,1,0,0,0,0,0,1,1,0,-3.0,False,False,1
386,1,0,0,0,0,0,0,1,1,0,-3.0,True,True,1
387,1,1,0,0,0,0,0,1,1,0,-4.0,False,False,1
388,0,0,1,0,0,0,0,1,1,0,-3.0,False,False,1
389,0,1,1,0,0,0,0,1,1,0,-4.0,False,False,1
390,1,0,1,0,0,0,0,1,1,0,-4.0,False,False,1
391,1,1,1,0,0,0,0,1,1,0,-5.0,False,False,1
392,0,0,0,1,0,0,0,1,1,0,-3.0,True,True,1
393,0,1,0,1,0,0,0,1,1,0,-4.0,False,False,1
394,1,0,0,1,0,0,0,1,1,0,-4.0,True,True,1
395,1,1,0,1,0,0,0,1,1,0,-5.0,False,False,1
396,0,0,1,1,0,0,0,1,1,0,-4.0,False,False,1
397,0,1,1,1,0,0,0,1,1,0,-5.0,False,False,1
398,1,0,1,1,0,0,0,1,1,0,-5.0,False,False,1
399,1,1,1,1,0,0,0,1,1,0,-6.0,False,False,1
400,0,0,0,0,1,0,0,1,1,0,-3.0,True,True,1
401,0,1,0,0,1,0,0,1,1,0,-4.0,False,False,1
402,1,0,0,0,1,0,0,1,1,0,-4.0,True,True,1
403,1,1,0,0,1,0,0,1,1,0,-5.0,False,False,1
404,0,0,1,0,1,0,0,1,1,0,-4.0,False,False,1
405,0,1,1,0,1,0,0,1,1,0,-5.0,False,False,1
406,1,0,1,0,1,0,0,1,1,0,-5.0,False,False,1
407,1,1,1,0,1,0,0,1,1,0,-6.0,False,False,1
408,0,0,0,1,1,0,0,1,1,0,-4.0,True,True,1
409,0,1,0,1,1,0,0,1,1,0,-5.0,False,False,1
410,1,0,0,1,1,0,0,1,1,0,-5.0,True,True,1
411,1,1,0,1,1,0,0,1,1,0,-6.0,False,False,1
412,0,0,1,1,1,0,0,1,1,0,-5.0,False,False,1
413,0,1,1,1,1,0,0,1,1,0,-6.0,False,False,1
414,1,0,1,1,1,0,0,1,1,0,-6.0,False,False,1
415,1,1,1,1,1,0,0,1,1,0,-7.0,False,False,1
416,0,0,0,0,0,1,0,1,1,0,-3.0,True,True,1
417,0,1,0,0,0,1,0,1,1,0,-4.0,False,False,1
418,1,0,0,0,0,1,0,1,1,0,-4.0,True,True,1
419,1,1,0,0,0,1,0,1,1,0,-5.0,False,False,1
420,0,0,1,0,0,1,0,1,1,0,-4.0,False,False,1
421,0,1,1,0,0,1,0,1,1,0,-5.0,False,False,1
422,1,0,1,0,0,1,0,1,1,0,-5.0,False,False,1
423,1,1,1,0,0,1,0,1,1,0,-6.0,False,False,1
424,0,0,0,1,0,1,0,1,1,0,-4.0,True,True,1
425,0,1,0,1,0,1,0,1,1,0,-5.0,False,False,1
426,1,0,0,1,0,1,0,1,1,0,-5.0,True,True,1
427,1,1,0,1,0,1,0,1,1,0,-6.0,False,False,1
428,0,0,1,1,0,1,0,1,1,0,-5.0,False,False,1
429,0,1,1,1,0,1,0,1,1,0,-6.0,False,False,1
430,1,0,1,1,0,1,0,1,1,0,-6.0,False,False,1
431,1,1,1,1,0,1,0,1,1,0,-7.0,False,False,1
432,0,0,0,0,1,1,0,1,1,0,-4.0,True,True,1
433,0,1,0,0,1,1,0,1,1,0,-5.0,False,False,1
434,1,0,0,0,1,1,0,1,1,0,-5.0,True,True,1
435,1,1,0,0,1,1,0,1,1,0,-6.0,False,False,1
436,0,0,1,0,1,1,0,1,1,0,-5.0,False,False,1
437,0,1,1,0,1,1,0,1,1,0,-6.0,False,False,1
438,1,0,1,0,1,1,0,1,1,0,-6.0,False,False,1
439,1,1,1,0,1,1,0,1,1,0,-7.0,False,False,1
440,0,0,0,1,1,1,0,1,1,0,-5.0,True,True,1
441,0,1,0,1,1,1,0,1,1,0,-6.0,False,False,1
442,1,0,0,1,1,1,0,1,1,0,-6.0,True,True,1
443,1,1,0,1,1,1,0,1,1,0,-7.0,False,False,1
444,0,0,1,1,1,1,0,1,1,0,-6.0,False,False,1
445,0,1,1,1,1,1,0,1,1,0,-7.0,False,False,1
446,1,0,1,1,1,1,0,1,1,0,-7.0,False,False,1
447,1,1,1,1,1,1,0,1,1,0,-8.0,False,False,1
448,0,0,0,0,0,0,1,1,1,0,-3.0,True,True,1
449,0,1,0,0,0,0,1,1,1,0,-4.0,False,False,1
450,1,0,0,0,0,0,1,1,1,0,-4.0,True,True,1
451,1,1,0,0,0,0,1,1,1,0,-5.0,False,False,1
452,0,0,1,0,0,0,1,1,1,0,-4.0,False,False,1
453,0,1,1,0,0,0,1,1,1,0,-5.0,False,False,1
454,1,0,1,0,0,0,1,1,1,0,-5.0,False,False,1
455,1,1,1,0,0,0,1,1,1,0,-6.0,False,False,1
456,0,0,0,1,0,0,1,1,1,0,-4.0,True,True,1
457,0,1,0,1,0,0,1,1,1,0,-5.0,False,False,1
458,1,0,0,1,0,0,1,1,1,0,-5.0,True,True,1
459,1,1,0,1,0,0,1,1,1,0,-6.0,False,False,1
460,0,0,1,1,0,0,1,1,1,0,-5.0,False,False,1
461,0,1,1,1,0,0,1,1,1,0,-6.0,False,False,1
462,1,0,1,1,0,0,1,1,1,0,-6.0,False,False,1
463,1,1,1,1,0,0,1,1,1,0,-7.0,False,False,1
464,0,0,0,0,1,0,1,1,1,0,-4.0,True,True,1
465,0,1,0,0,1,0,1,1,1,0,-5.0,False,False,1
466,1,0,0,0,1,0,1,1,1,0,-5.0,True,True,1
467,1,1,0,0,1,0,1,1,1,0,-6.0,False,False,1
468,0,0,1,0,1,0,1,1,1,0,-5.0,False,False,1
469,0,1,1,0,1,0,1,1,1,0,-6.0,False,False,1
470,1,0,1,0,1,0,1,1,1,0,-6.0,False,False,1
471,1,1,1,0,1,0,1,1,1,0,-7.0,False,False,1
472,0,0,0,1,1,0,1,1,1,0,-5.0,True,True,1
473,0,1,0,1,1,0,1,1,1,0,-6.0,False,False,1
474,1,0,0,1,1,0,1,1,1,0,-6.0,True,True,1
475,1,1,0,1,1,0,1,1,1,0,-7.0,False,False,1
476,0,0,1,1,1,0,1,1,1,0,-6.0,False,False,1
477,0,1,1,1,1,0,1,1,1,0,-7.0,False,False,1
478,1,0,1,1,1,0,1,1,1,0,-7.0,False,False,1
479,1,1,1,1,1,0,1,1,1,0,-8.0,False,False,1
480,0,0,0,0,0,1,1,1,1,0,-4.0,True,True,1
481,0,1,0,0,0,1,1,1,1,0,-5.0,False,False,1
482,1,0,0,0,0,1,1,1,1,0,-5.0,True,True,1
483,1,1,0,0,0,1,1,1,1,0,-6.0,False,False,1
484,0,0,1,0,0,1,1,1,1,0,-5.0,False,False,1
485,0,1,1,0,0,1,1,1,1,0,-6.0,False,False,1
486,1,0,1,0,0,1,1,1,1,0,-6.0,False,False,1
487,1,1,1,0,0,1,1,1,1,0,-7.0,False,False,1
488,0,0,0,1,0,1,1,1,1,0,-5.0,True,True,1
489,0,1,0,1,0,1,1,1,1,0,-6.0,False,False,1
490,1,0,0,1,0,1,1,1,1,0,-6.0,True,True,1
491,1,1,0,1,0,1,1,1,1,0,-7.0,False,False,1
492,0,0,1,1,0,1,1,1,1,0,-6.0,False,False,1
493,0,1,1,1,0,1,1,1,1,0,-7.0,False,False,1
494,1,0,1,1,0,1,1,1,1,0,-7.0,False,False,1
495,1,1,1,1,0,1,1,1,1,0,-8.0,False,False,1
496,0,0,0,0,1,1,1,1,1,0,-5.0,True,True,1
497,0,1,0,0,1,1,1,1,1,0,-6.0,False,False,1
498,1,0,0,0,1,1,1,1,1,0,-6.0,True,True,1
499,1,1,0,0,1,1,1,1,1,0,-7.0,False,False,1
500,0,0,1,0,1,1,1,1,1,0,-6.0,False,False,1
501,0,1,1,0,1,1,1,1,1,0,-7.0,False,False,1
502,1,0,1,0,1,1,1,1,1,0,-7.0,False,False,1
503,1,1,1,0,1,1,1,1,1,0,-8.0,False,False,1
504,0,0,0,1,1,1,1,1,1,0,-6.0,True,True,1
505,0,1,0,1,1,1,1,1,1,0,-7.0,False,False,1
506,1,0,0,1,1,1,1,1,1,0,-7.0,True,True,1
507,1,1,0,1,1,1,1,1,1,0,-8.0,False,False,1
508,0,0,1,1,1,1,1,1,1,0,-7.0,False,False,1
509,0,1,1,1,1,1,1,1,1,0,-8.0,False,False,1
510,1,0,1,1,1,1,1,1,1,0,-8.0,False,False,1
511,1,1,1,1,1,1,1,1,1,0,-9.0,False,False,1
512,0,0,0,0,0,0,0,0,0,1,-1.0,True,True,1
513,0,1,0,0,0,0,0,0,0,1,-2.0,False,False,1
514,1,0,0,0,0,0,0,0,0,1,-2.0,False,False,1
515,1,1,0,0,0,0,0,0,0,1,-3.0,False,False,1
516,0,0,1,0,0,0,0,0,0,1,-2.0,True,True,1
517,0,1,1,0,0,0,0,0,0,1,-3.0,False,False,1
518,1,0,1,0,0,0,0,0,0,1,-3.0,False,False,1
519,1,1,1,0,0,0,0,0,0,1,-4.0,False,False,1
520,0,0,0,1,0,0,0,0,0,1,-2.0,True,True,1
521,0,1,0,1,0,0,0,0,0,1,-3.0,False,False,1
522,1,0,0,1,0,0,0,0,0,1,-3.0,False,False,1
523,1,1,0,1,0,0,0,0,0,1,-4.0,False,False,1
524,0,0,1,1,0,0,0,0,0,1,-3.0,True,True,1
525,0,1,1,1,0,0,0,0,0,1,-4.0,False,False,1
526,1,0,1,1,0,0,0,0,0,1,-4.0,False,False,1
527,1,1,1,1,0,0,0,0,0,1,-5.0,False,False,1
528,0,0,0,0,1,0,0,0,0,1,-2.0,True,True,1
529,0,1,0,0,1,0,0,0,0,1,-3.0,False,False,1
530,1,0,0,0,1,0,0,0,0,1,-3.0,False,False,1
531,1,1,0,0,1,0,0,0,0,1,-4.0,False,False,1
532,0,0,1,0,1,0,0,0,0,1,-3.0,False,False,1
533,0,1,1,0,1,0,0,0,0,1,-4.0,False,False,1
534,1,0,1,0,1,0,0,0,0,1,-4.0,False,False,1
535,1,1,1,0,1,0,0,0,0,1,-5.0,False,False,1
536,0,0,0,1,1,0,0,0,0,1,-3.0,True,True,1
537,0,1,0,1,1,0,0,0,0,1,-4.0,False,False,1
538,1,0,0,1,1,0,0,0,0,1,-4.0,False,False,1
539,1,1,0,1,1,0,0,0,0,1,-5.0,False,False,1
540,0,0,1,1,1,0,0,0,0,1,-4.0,False,False,1
541,0,1,1,1,1,0,0,0,0,1,-5.0,False,False,1
542,1,0,1,1,1,0,0,0,0,1,-5.0,False,False,1
543,1,1,1,1,1,0,0,0,0,1,-6.0,False,False,1
544,0,0,0,0,0,1,0,0,0,1,-2.0,True,True,1
545,0,1,0,0,0,1,0,0,0,1,-3.0,False,False,1
546,1,0,0,0,0,1,0,0,0,1,-3.0,False,False,1
547,1,1,0,0,0,1,0,0,0,1,-4.0,False,False,1
548,0,0,1,0,0,1,0,0,0,1,-3.0,False,False,1
549,0,1,1,0,0,1,0,0,0,1,-4.0,False,False,1
550,1,0,1,0,0,1,0,0,0,1,-4.0,False,False,1
551,1,1,1,0,0,1,0,0,0,1,-5.0,False,False,1
552,0,0,0,1,0,1,0,0,0,1,-3.0,True,True,1
553,0,1,0,1,0,1,0,0,0,1,-4.0,False,False,1
554,1,0,0,1,0,1,0,0,0,1,-4.0,False,False,1
555,1,1,0,1,0,1,0,0,0,1,-5.0,False,False,1
556,0,0,1,1,0,1,0,0,0,1,-4.0,False,False,1
557,0,1,1,1,0,1,0,0,0,1,-5.0,False,False,1
558,1,0,1,1,0,1,0,0,0,1,-5.0,False,False,1
559,1,1,1,1,0,1,0,0,0,1,-6.0,False,False,1
560,0,0,0,0,1,1,0,0,0,1,-3.0,True,True,1
561,0,1,0,0,1,1,0,0,0,1,-4.0,False,False,1
562,1,0,0,0,1,1,0,0,0,1,-4.0,False,False,1
563,1,1,0,0,1,1,0,0,0,1,-5.0,False,False,1
564,0,0,1,0,1,1,0,0,0,1,-4.0,False,False,1
565,0,1,1,0,1,1,0,0,0,1,-5.0,False,False,1
566,1,0,1,0,1,1,0,0,0,1,-5.0,False,False,1
567,1,1,1,0,1,1,0,0,0,1,-6.0,False,False,1
568,0,0,0,1,1,1,0,0,0,1,-4.0,True,True,1
569,0,1,0,1,1,1,0,0,0,1,-5.0,False,False,1
570,1,0,0,1,1,1,0,0,0,1,-5.0,False,False,1
571,1,1,0,1,1,1,0,0,0,1,-6.0,False,False,1
572,0,0,1,1,1,1,0,0,0,1,-5.0,False,False,1
573,0,1,1,1,1,1,0,0,0,1,-6.0,False,False,1
574,1,0,1,1,1,1,0,0,0,1,-6.0,False,False,1
575,1,1,1,1,1,1,0,0,0,1,-7.0,False,False,1
576,0,0,0,0,0,0,1,0,0,1,-2.0,True,True,1
577,0,1,0,0,0,0,1,0,0,1,-3.0,False,False,1
578,1,0,0,0,0,0,1,0,0,1,-3.0,False,False,1
579,1,1,0,0,0,0,1,0,0,1,-4.0,False,False,1
580,0,0,1,0,0,0,1,0,0,1,-3.0,True,True,1
581,0,1,1,0,0,0,1,0,0,1,-4.0,False,False,1
582,1,0,1,0,0,0,1,0,0,1,-4.0,False,False,1
583,1,1,1,0,0,0,1,0,0,1,-5.0,False,False,1
584,0,0,0,1,0,0,1,0,0,1,-3.0,True,True,1
585,0,1,0,1,0,0,1,0,0,1,-4.0,False,False,1
586,1,0,0,1,0,0,1,0,0,1,-4.0,False,False,1
587,1,1,0,1,0,0,1,0,0,1,-5.0,False,False,1
588,0,0,1,1,0,0,1,0,0,1,-4.0,True,True,1
589,0,1,1,1,0,0,1,0,0,1,-5.0,False,False,1
590,1,0,1,1,0,0,1,0,0,1,-5.0,False,False,1
591,1,1,1,1,0,0,1,0,0,1,-6.0,False,False,1
592,0,0,0,0,1,0,1,0,0,1,-3.0,True,True,1
593,0,1,0,0,1,0,1,0,0,1,-4.0,False,False,1
594,1,0,0,0,1,0,1,0,0,1,-4.0,False,False,1
595,1,1,0,0,1,0,1,0,0,1,-5.0,False,False,1
596,0,0,1,0,1,0,1,0,0,1,-4.0,False,False,1
597,0,1,1,0,1,0,1,0,0,1,-5.0,False,False,1
598,1,0,1,0,1,0,1,0,0,1,-5.0,False,False,1
599,1,1,1,0,1,0,1,0,0,1,-6.0,False,False,1
600,0,0,0,1,1,0,1,0,0,1,-4.0,True,True,1
601,0,1,0,1,1,0,1,0,0,1,-5.0,False,False,1
602,1,0,0,1,1,0,1,0,0,1,-5.0,False,False,1
603,1,1,0,1,1,0,1,0,0,1,-6.0,False,False,1
604,0,0,1,1,1,0,1,0,0,1,-5.0,False,False,1
605,0,1,1,1,1,0,1,0,0,1,-6.0,False,False,1
606,1,0,1,1,1,0,1,0,0,1,-6.0,False,False,1
607,1,1,1,1,1,0,1,0,0,1,-7.0,False,False,1
608,0,0,0,0,0,1,1,0,0,1,-3.0,True,True,1
609,0,1,0,0,0,1,1,0,0,1,-4.0,False,False,1
610,1,0,0,0,0,1,1,0,0,1,-4.0,False,False,1
611,1,1,0,0,0,1,1,0,0,1,-5.0,False,False,1
612,0,0,1,0,0,1,1,0,0,1,-4.0,False,False,1
613,0,1,1,0,0,1,1,0,0,1,-5.0,False,False,1
614,1,0,1,0,0,1,1,0,0,1,-5.0,False,False,1
615,1,1,1,0,0,1,1,0,0,1,-6.0,False,False,1
616,0,0,0,1,0,1,1,0,0,1,-4.0,True,True,1
617,0,1,0,1,0,1,1,0,0,1,-5.0,False,False,1
618,1,0,0,1,0,1,1,0,0,1,-5.0,False,False,1
619,1,1,0,1,0,1,1,0,0,1,-6.0,False,False,1
620,0,0,1,1,0,1,1,0,0,1,-5.0,False,False,1
621,0,1,1,1,0,1,1,0,0,1,-6.0,False,False,1
622,1,0,1,1,0,1,1,0,0,1,-6.0,False,False,1
623,1,1,1,1,0,1,1,0,0,1,-7.0,False,False,1
624,0,0,0,0,1,1,1,0,0,1,-4.0,True,True,1
625,0,1,0,0,1,1,1,0,0,1,-5.0,False,False,1
626,1,0,0,0,1,1,1,0,0,1,-5.0,False,False,1
627,1,1,0,0,1,1,1,0,0,1,-6.0,False,False,1
628,0,0,1,0,1,1,1,0,0,1,-5.0,False,False,1
629,0,1,1,0,1,1,1,0,0,1,-6.0,False,False,1
630,1,0,1,0,1,1,1,0,0,1,-6.0,False,False,1
631,1,1,1,0,1,1,1,0,0,1,-7.0,False,False,1
632,0,0,0,1,1,1,1,0,0,1,-5.0,True,True,1
633,0,1,0,1,1,1,1,0,0,1,-6.0,False,False,1
634,1,0,0,1,1,1,1,0,0,1,-6.0,False,False,1
635,1,1,0,1,1,1,1,0,0,1,-7.0,False,False,1
636,0,0,1,1,1,1,1,0,0,1,-6.0,False,False,1
637,0,1,1,1,1,1,1,0,0,1,-7.0,False,False,1
638,1,0,1,1,1,1,1,0,0,1,-7.0,False,False,1
639,1,1,1,1,1,1,1,0,0,1,-8.0,False,False,1
640,0,0,0,0,0,0,0,1,0,1,-2.0,True,True,1
641,0,1,0,0,0,0,0,1,0,1,-3.0,False,False,1
642,1,0,0,0,0,0,0,1,0,1,-3.0,False,False,1
643,1,1,0,0,0,0,0,1,0,1,-4.0,False,False,1
644,0,0,1,0,0,0,0,1,0,1,-3.0,False,False,1
645,0,1,1,0,0,0,0,1,0,1,-4.0,False,False,1
646,1,0,1,0,0,0,0,1,0,1,-4.0,False,False,1
647,1,1,1,0,0,0,0,1,0,1,-5.0,False,False,1
648,0,0,0,1,0,0,0,1,0,1,-3.0,True,True,1
649,0,1,0,1,0,0,0,1,0,1,-4.0,False,False,1
650,1,0,0,1,0,0,0,1,0,1,-4.0,False,False,1
651,1,1,0,1,0,0,0,1,0,1,-5.0,False,False,1
652,0,0,1,1,0,0,0,1,0,1,-4.0,False,False,1
653,0,1,1,1,0,0,0,1,0,1,-5.0,False,False,1
654,1,0,1,1,0,0,0,1,0,1,-5.0,False,False,1
655,1,1,1,1,0,0,0,1,0,1,-6.0,False,False,1
656,0,0,0,0,1,0,0,1,0,1,-3.0,True,True,1
657,0,1,0,0,1,0,0,1,0,1,-4.0,False,False,1
658,1,0,0,0,1,0,0,1,0,1,-4.0,False,False,1
659,1,1,0,0,1,0,0,1,0,1,-5.0,False,False,1
660,0,0,1,0,1,0,0,1,0,1,-4.0,False,False,1
661,0,1,1,0,1,0,0,1,0,1,-5.0,False,False,1
662,1,0,1,0,1,0,0,1,0,1,-5.0,False,False,1
663,1,1,1,0,1,0,0,1,0,1,-6.0,False,False,1
664,0,0,0,1,1,0,0,1,0,1,-4.0,True,True,1
665,0,1,0,1,1,0,0,1,0,1,-5.0,False,False,1
666,1,0,0,1,1,0,0,1,0,1,-5.0,False,False,1
667,1,1,0,1,1,0,0,1,0,1,-6.0,False,False,1
668,0,0,1,1,1,0,0,1,0,1,-5.0,False,False,1
669,0,1,1,1,1,0,0,1,0,1,-6.0,False,False,1
670,1,0,1,1,1,0,0,1,0,1,-6.0,False,False,1
671,1,1,1,1,1,0,0,1,0,1,-7.0,False,False,1
672,0,0,0,0,0,1,0,1,0,1,-3.0,True,True,1
673,0,1,0,0,0,1,0,1,0,1,-4.0,False,False,1
674,1,0,0,0,0,1,0,1,0,1,-4.0,False,False,1
675,1,1,0,0,0,1,0,1,0,1,-5.0,False,False,1
676,0,0,1,0,0,1,0,1,0,1,-4.0,False,False,1
677,0,1,1,0,0,1,0,1,0,1,-5.0,False,False,1
678,1,0,1,0,0,1,0,1,0,1,-5.0,False,False,1
679,1,1,1,0,0,1,0,1,0,1,-6.0,False,False,1
680,0,0,0,1,0,1,0,1,0,1,-4.0,True,True,1
681,0,1,0,1,0,1,0,1,0,1,-5.0,False,False,1
682,1,0,0,1,0,1,0,1,0,1,-5.0,False,False,1
683,1,1,0,1,0,1,0,1,0,1,-6.0,False,False,1
684,0,0,1,1,0,1,0,1,0,1,-5.0,False,False,1
685,0,1,1,1,0,1,0,1,0,1,-6.0,False,False,1
686,1,0,1,1,0,1,0,1,0,1,-6.0,False,False,1
687,1,1,1,1,0,1,0,1,0,1,-7.0,False,False,1
688,0,0,0,0,1,1,0,1,0,1,-4.0,True,True,1
689,0,1,0,0,1,1,0,1,0,1,-5.0,False,False,1
690,1,0,0,0,1,1,0,1,0,1,-5.0,False,False,1
691,1,1,0,0,1,1,0,1,0,1,-6.0,False,False,1
692,0,0,1,0,1,1,0,1,0,1,-5.0,False,False,1
693,0,1,1,0,1,1,0,1,0,1,-6.0,False,False,1
694,1,0,1,0,1,1,0,1,0,1,-6.0,False,False,1
695,1,1,1,0,1,1,0,1,0,1,-7.0,False,False,1
696,0,0,0,1,1,1,0,1,0,1,-5.0,True,True,1
697,0,1,0,1,1,1,0,1,0,1,-6.0,False,False,1
698,1,0,0,1,1,1,0,1,0,1,-6.0,False,False,1
699,1,1,0,1,1,1,0,1,0,1,-7.0,False,False,1
700,0,0,1,1,1,1,0,1,0,1,-6.0,False,False,1
701,0,1,1,1,1,1,0,1,0,1,-7.0,False,False,1
702,1,0,1,1,1,1,0,1,0,1,-7.0,False,False,1
703,1,1,1,1,1,1,0,1,0,1,-8.0,False,False,1
704,0,0,0,0,0,0,1,1,0,1,-3.0,True,True,1
705,0,1,0,0,0,0,1,1,0,1,-4.0,False,False,1
706,1,0,0,0,0,0,1,1,0,1,-4.0,False,False,1
707,1,1,0,0,0,0,1,1,0,1,-5.0,False,False,1
708,0,0,1,0,0,0,1,1,0,1,-4.0,False,False,1
709,0,1,1,0,0,0,1,1,0,1,-5.0,False,False,1
710,1,0,1,0,0,0,1,1,0,1,-5.0,False,False,1
711,1,1,1,0,0,0,1,1,0,1,-6.0,False,False,1
712,0,0,0,1,0,0,1,1,0,1,-4.0,True,True,1
713,0,1,0,1,0,0,1,1,0,1,-5.0,False,False,1
714,1,0,0,1,0,0,1,1,0,1,-5.0,False,False,1
715,1,1,0,1,0,0,1,1,0,1,-6.0,False,False,1
716,0,0,1,1,0,0,1,1,0,1,-5.0,False,False,1
717,0,1,1,1,0,0,1,1,0,1,-6.0,False,False,1
718,1,0,1,1,0,0,1,1,0,1,-6.0,False,False,1
719,1,1,1,1,0,0,1,1,0,1,-7.0,False,False,1
720,0,0,0,0,1,0,1,1,0,1,-4.0,True,True,1
721,0,1,0,0,1,0,1,1,0,1,-5.0,False,False,1
722,1,0,0,0,1,0,1,1,0,1,-5.0,False,False,1
723,1,1,0,0,1,0,1,1,0,1,-6.0,False,False,1
724,0,0,1,0,1,0,1,1,0,1,-5.0,False,False,1
725,0,1,1,0,1,0,1,1,0,1,-6.0,False,False,1
726,1,0,1,0,1,0,1,1,0,1,-6.0,False,False,1
727,1,1,1,0,1,0,1,1,0,1,-7.0,False,False,1
728,0,0,0,1,1,0,1,1,0,1,-5.0,True,True,1
729,0,1,0,1,1,0,1,1,0,1,-6.0,False,False,1
730,1,0,0,1,1,0,1,1,0,1,-6.0,False,False,1
731,1,1,0,1,1,0,1,1,0,1,-7.0,False,False,1
732,0,0,1,1,1,0,1,1,0,1,-6.0,False,False,1
733,0,1,1,1,1,0,1,1,0,1,-7.0,False,False,1
734,1,0,1,1,1,0,1,1,0,1,-7.0,False,False,1
735,1,1,1,1,1,0,1,1,0,1,-8.0,False,False,1
736,0,0,0,0,0,1,1,1,0,1,-4.0,True,True,1
737,0,1,0,0,0,1,1,1,0,1,-5.0,False,False,1
738,1,0,0,0,0,1,1,1,0,1,-5.0,False,False,1
739,1,1,0,0,0,1,1,1,0,1,-6.0,False,False,1
740,0,0,1,0,0,1,1,1,0,1,-5.0,False,False,1
741,0,1,1,0,0,1,1,1,0,1,-6.0,False,False,1
742,1,0,1,0,0,1,1,1,0,1,-6.0,False,False,1
743,1,1,1,0,0,1,1,1,0,1,-7.0,False,False,1
744,0,0,0,1,0,1,1,1,0,1,-5.0,True,True,1
745,0,1,0,1,0,1,1,1,0,1,-6.0,False,False,1
746,1,0,0,1,0,1,1,1,0,1,-6.0,False,False,1
747,1,1,0,1,0,1,1,1,0,1,-7.0,False,False,1
748,0,0,1,1,0,1,1,1,0,1,-6.0,False,False,1
749,0,1,1,1,0,1,1,1,0,1,-7.0,False,False,1
750,1,0,1,1,0,1,1,1,0,1,-7.0,False,False,1
751,1,1,1,1,0,1,1,1,0,1,-8.0,False,False,1
752,0,0,0,0,1,1,1,1,0,1,-5.0,True,True,1
753,0,1,0,0,1,1,1,1,0,1,-6.0,False,False,1
754,1,0,0,0,1,1,1,1,0,1,-6.0,False,False,1
755,1,1,0,0,1,1,1,1,0,1,-7.0,False,False,1
756,0,0,1,0,1,1,1,1,0,1,-6.0,False,False,1
757,0,1,1,0,1,1,1,1,0,1,-7.0,False,False,1
758,1,0,1,0,1,1,1,1,0,1,-7.0,False,False,1
759,1,1,1,0,1,1,1,1,0,1,-8.0,False,False,1
760,0,0,0,1,1,1,1,1,0,1,-6.0,True,True,1
761,0,1,0,1,1,1,1,1,0,1,-7.0,False,False,1
762,1,0,0,1,1,1,1,1,0,1,-7.0,False,False,1
763,1,1,0,1,1,1,1,1,0,1,-8.0,False,False,1
764,0,0,1,1,1,1,1,1,0,1,-7.0,False,False,1
765,0,1,1,1,1,1,1,1,0,1,-8.0,False,False,1
766,1,0,1,1,1,1,1,1,0,1,-8.0,False,False,1
767,1,1,1,1,1,1,1,1,0,1,-9.0,False,False,1
768,0,0,0,0,0,0,0,0,1,1,-2.0,False,False,1
769,0,1,0,0,0,0,0,0,1,1,-3.0,False,False,1
770,1,0,0,0,0,0,0,0,1,1,-3.0,False,False,1
771,1,1,0,0,0,0,0,0,1,1,-4.0,False,False,1
772,0,0,1,0,0,0,0,0,1,1,-3.0,False,False,1
773,0,1,1,0,0,0,0,0,1,1,-4.0,False,False,1
774,1,0,1,0,0,0,0,0,1,1,-4.0,False,False,1
775,1,1,1,0,0,0,0,0,1,1,-5.0,False,False,1
776,0,0,0,1,0,0,0,0,1,1,-3.0,False,False,1
777,0,1,0,1,0,0,0,0,1,1,-4.0,False,False,1
778,1,0,0,1,0,0,0,0,1,1,-4.0,False,False,1
779,1,1,0,1,0,0,0,0,1,1,-5.0,False,False,1
780,0,0,1,1,0,0,0,0,1,1,-4.0,False,False,1
781,0,1,1,1,0,0,0,0,1,1,-5.0,False,False,1
782,1,0,1,1,0,0,0,0,1,1,-5.0,False,False,1
783,1,1,1,1,0,0,0,0,1,1,-6.0,False,False,1
784,0,0,0,0,1,0,0,0,1,1,-3.0,False,False,1
785,0,1,0,0,1,0,0,0,1,1,-4.0,False,False,1
786,1,0,0,0,1,0,0,0,1,1,-4.0,False,False,1
787,1,1,0,0,1,0,0,0,1,1,-5.0,False,False,1
788,0,0,1,0,1,0,0,0,1,1,-4.0,False,False,1
789,0,1,1,0,1,0,0,0,1,1,-5.0,False,False,1
790,1,0,1,0,1,0,0,0,1,1,-5.0,False,False,1
791,1,1,1,0,1,0,0,0,1,1,-6.0,False,False,1
792,0,0,0,1,1,0,0,0,1,1,-4.0,False,False,1
793,0,1,0,1,1,0,0,0,1,1,-5.0,False,False,1
794,1,0,0,1,1,0,0,0,1,1,-5.0,False,False,1
795,1,1,0,1,1,0,0,0,1,1,-6.0,False,False,1
796,0,0,1,1,1,0,0,0,1,1,-5.0,False,False,1
797,0,1,1,1,1,0,0,0,1,1,-6.0,False,False,1
798,1,0,1,1,1,0,0,0,1,1,-6.0,False,False,1
799,1,1,1,1,1,0,0,0,1,1,-7.0,False,False,1
800,0,0,0,0,0,1,0,0,1,1,-3.0,False,False,1
801,0,1,0,0,0,1,0,0,1,1,-4.0,False,False,1
802,1,0,0,0,0,1,0,0,1,1,-4.0,False,False,1
803,1,1,0,0,0,1,0,0,1,1,-5.0,False,False,1
804,0,0,1,0,0,1,0,0,1,1,-4.0,False,False,1
805,0,1,1,0,0,1,0,0,1,1,-5.0,False,False,1
806,1,0,1,0,0,1,0,0,1,1,-5.0,False,False,1
807,1,1,1,0,0,1,0,0,1,1,-6.0,False,False,1
808,0,0,0,1,0,1,0,0,1,1,-4.0,False,False,1
809,0,1,0,1,0,1,0,0,1,1,-5.0,False,False,1
810,1,0,0,1,0,1,0,0,1,1,-5.0,False,False,1
811,1,1,0,1,0,1,0,0,1,1,-6.0,False,False,1
812,0,0,1,1,0,1,0,0,1,1,-5.0,False,False,1
813,0,1,1,1,0,1,0,0,1,1,-6.0,False,False,1
814,1,0,1,1,0,1,0,0,1,1,-6.0,False,False,1
815,1,1,1,1,0,1,0,0,1,1,-7.0,False,False,1
816,0,0,0,0,1,1,0,0,1,1,-4.0,False,False,1
817,0,1,0,0,1,1,0,0,1,1,-5.0,False,False,1
818,1,0,0,0,1,1,0,0,1,1,-5.0,False,False,1
819,1,1,0,0,1,1,0,0,1,1,-6.0,False,False,1
820,0,0,1,0,1,1,0,0,1,1,-5.0,False,False,1
821,0,1,1,0,1,1,0,0,1,1,-6.0,False,False,1
822,1,0,1,0,1,1,0,0,1,1,-6.0,False,False,1
823,1,1,1,0,1,1,0,0,1,1,-7.0,False,False,1
824,0,0,0,1,1,1,0,0,1,1,-5.0,False,False,1
825,0,1,0,1,1,1,0,0,1,1,-6.0,False,False,1
826,1,0,0,1,1,1,0,0,1,1,-6.0,False,False,1
827,1,1,0,1,1,1,0,0,1,1,-7.0,False,False,1
828,0,0,1,1,1,1,0,0,1,1,-6.0,False,False,1
829,0,1,1,1,1,1,0,0,1,1,-7.0,False,False,1
830,1,0,1,1,1,1,0,0,1,1,-7.0,False,False,1
831,1,1,1,1,1,1,0,0,1,1,-8.0,False,False,1
832,0,0,0,0,0,0,1,0,1,1,-3.0,False,False,1
833,0,1,0,0,0,0,1,0,1,1,-4.0,False,False,1
834,1,0,0,0,0,0,1,0,1,1,-4.0,False,False,1
835,1,1,0,0,0,0,1,0,1,1,-5.0,False,False,1
836,0,0,1,0,0,0,1,0,1,1,-4.0,False,False,1
837,0,1,1,0,0,0,1,0,1,1,-5.0,False,False,1
838,1,0,1,0,0,0,1,0,1,1,-5.0,False,False,1
839,1,1,1,0,0,0,1,0,1,1,-6.0,False,False,1
840,0,0,0,1,0,0,1,0,1,1,-4.0,False,False,1
841,0,1,0,1,0,0,1,0,1,1,-5.0,False,False,1
842,1,0,0,1,0,0,1,0,1,1,-5.0,False,False,1
843,1,1,0,1,0,0,1,0,1,1,-6.0,False,False,1
844,0,0,1,1,0,0,1,0,1,1,-5.0,False,False,1
845,0,1,1,1,0,0,1,0,1,1,-6.0,False,False,1
846,1,0,1,1,0,0,1,0,1,1,-6.0,False,False,1
847,1,1,1,1,0,0,1,0,1,1,-7.0,False,False,1
848,0,0,0,0,1,0,1,0,1,1,-4.0,False,False,1
849,0,1,0,0,1,0,1,0,1,1,-5.0,False,False,1
850,1,0,0,0,1,0,1,0,1,1,-5.0,False,False,1
851,1,1,0,0,1,0,1,0,1,1,-6.0,False,False,1
852,0,0,1,0,1,0,1,0,1,1,-5.0,False,False,1
853,0,1,1,0,1,0,1,0,1,1,-6.0,False,False,1
854,1,0,1,0,1,0,1,0,1,1,-6.0,False,False,1
855,1,1,1,0,1,0,1,0,1,1,-7.0,False,False,1
856,0,0,0,1,1,0,1,0,1,1,-5.0,False,False,1
857,0,1,0,1,1,0,1,0,1,1,-6.0,False,False,1
858,1,0,0,1,1,0,1,0,1,1,-6.0,False,False,1
859,1,1,0,1,1,0,1,0,1,1,-7.0,False,False,1
860,0,0,1,1,1,0,1,0,1,1,-6.0,False,False,1
861,0,1,1,1,1,0,1,0,1,1,-7.0,False,False,1
862,1,0,1,1,1,0,1,0,1,1,-7.0,False,False,1
863,1,1,1,1,1,0,1,0,1,1,-8.0,False,False,1
864,0,0,0,0,0,1,1,0,1,1,-4.0,False,False,1
865,0,1,0,0,0,1,1,0,1,1,-5.0,False,False,1
866,1,0,0,0,0,1,1,0,1,1,-5.0,False,False,1
867,1,1,0,0,0,1,1,0,1,1,-6.0,False,False,1
868,0,0,1,0,0,1,1,0,1,1,-5.0,False,False,1
869,0,1,1,0,0,1,1,0,1,1,-6.0,False,False,1
870,1,0,1,0,0,1,1,0,1,1,-6.0,False,False,1
871,1,1,1,0,0,1,1,0,1,1,-7.0,False,False,1
872,0,0,0,1,0,1,1,0,1,1,-5.0,False,False,1
873,0,1,0,1,0,1,1,0,1,1,-6.0,False,False,1
874,1,0,0,1,0,1,1,0,1,1,-6.0,False,False,1
875,1,1,0,1,0,1,1,0,1,1,-7.0,False,False,1
876,0,0,1,1,0,1,1,0,1,1,-6.0,False,False,1
877,0,1,1,1,0,1,1,0,1,1,-7.0,False,False,1
878,1,0,1,1,0,1,1,0,1,1,-7.0,False,False,1
879,1,1,1,1,0,1,1,0,1,1,-8.0,False,False,1
880,0,0,0,0,1,1,1,0,1,1,-5.0,False,False,1
881,0,1,0,0,1,1,1,0,1,1,-6.0,False,False,1
882,1,0,0,0,1,1,1,0,1,1,-6.0,False,False,1
883,1,1,0,0,1,1,1,0,1,1,-7.0,False,False,1
884,0,0,1,0,1,1,1,0,1,1,-6.0,False,False,1
885,0,1,1,0,1,1,1,0,1,1,-7.0,False,False,1
886,1,0,1,0,1,1,1,0,1,1,-7.0,False,False,1
887,1,1,1,0,1,1,1,0,1,1,-8.0,False,False,1
888,0,0,0,1,1,1,1,0,1,1,-6.0,False,False,1
889,0,1,0,1,1,1,1,0,1,1,-7.0,False,False,1
890,1,0,0,1,1,1,1,0,1,1,-7.0,False,False,1
891,1,1,0,1,1,1,1,0,1,1,-8.0,False,False,1
892,0,0,1,1,1,1,1,0,1,1,-7.0,False,False,1
893,0,1,1,1,1,1,1,0,1,1,-8.0,False,False,1
894,1,0,1,1,1,1,1,0,1,1,-8.0,False,False,1
895,1,1,1,1,1,1,1,0,1,1,-9.0,False,False,1
896,0,0,0,0,0,0,0,1,1,1,-3.0,False,False,1
897,0,1,0,0,0,0,0,1,1,1,-4.0,False,False,1
898,1,0,0,0,0,0,0,1,1,1,-4.0,False,False,1
899,1,1,0,0,0,0,0,1,1,1,-5.0,False,False,1
900,0,0,1,0,0,0,0,1,1,1,-4.0,False,False,1
901,0,1,1,0,0,0,0,1,1,1,-5.0,False,False,1
902,1,0,1,0,0,0,0,1,1,1,-5.0,False,False,1
903,1,1,1,0,0,0,0,1,1,1,-6.0,False,False,1
904,0,0,0,1,0,0,0,1,1,1,-4.0,False,False,1
905,0,1,0,1,0,0,0,1,1,1,-5.0,False,False,1
906,1,0,0,1,0,0,0,1,1,1,-5.0,False,False,1
907,1,1,0,1,0,0,0,1,1,1,-6.0,False,False,1
908,0,0,1,1,0,0,0,1,1,1,-5.0,False,False,1
909,0,1,1,1,0,0,0,1,1,1,-6.0,False,False,1
910,1,0,1,1,0,0,0,1,1,1,-6.0,False,False,1
911,1,1,1,1,0,0,0,1,1,1,-7.0,False,False,1
912,0,0,0,0,1,0,0,1,1,1,-4.0,False,False,1
913,0,1,0,0,1,0,0,1,1,1,-5.0,False,False,1
914,1,0,0,0,1,0,0,1,1,1,-5.0,False,False,1
915,1,1,0,0,1,0,0,1,1,1,-6.0,False,False,1
916,0,0,1,0,1,0,0,1,1,1,-5.0,False,False,1
917,0,1,1,0,1,0,0,1,1,1,-6.0,False,False,1
918,1,0,1,0,1,0,0,1,1,1,-6.0,False,False,1
919,1,1,1,0,1,0,0,1,1,1,-7.0,False,False,1
920,0,0,0,1,1,0,0,1,1,1,-5.0,False,False,1
921,0,1,0,1,1,0,0,1,1,1,-6.0,False,False,1
922,1,0,0,1,1,0,0,1,1,1,-6.0,False,False,1
923,1,1,0,1,1,0,0,1,1,1,-7.0,False,False,1
924,0,0,1,1,1,0,0,1,1,1,-6.0,False,False,1
925,0,1,1,1,1,0,0,1,1,1,-7.0,False,False,1
926,1,0,1,1,1,0,0,1,1,1,-7.0,False,False,1
927,1,1,1,1,1,0,0,1,1,1,-8.0,False,False,1
928,0,0,0,0,0,1,0,1,1,1,-4.0,False,False,1
929,0,1,0,0,0,1,0,1,1,1,-5.0,False,False,1
930,1,0,0,0,0,1,0,1,1,1,-5.0,False,False,1
931,1,1,0,0,0,1,0,1,1,1,-6.0,False,False,1
932,0,0,1,0,0,1,0,1,1,1,-5.0,False,False,1
933,0,1,1,0,0,1,0,1,1,1,-6.0,False,False,1
934,1,0,1,0,0,1,0,1,1,1,-6.0,False,False,1
935,1,1,1,0,0,1,0,1,1,1,-7.0,False,False,1
936,0,0,0,1,0,1,0,1,1,1,-5.0,False,False,1
937,0,1,0,1,0,1,0,1,1,1,-6.0,False,False,1
938,1,0,0,1,0,1,0,1,1,1,-6.0,False,False,1
939,1,1,0,1,0,1,0,1,1,1,-7.0,False,False,1
940,0,0,1,1,0,1,0,1,1,1,-6.0,False,False,1
941,0,1,1,1,0,1,0,1,1,1,-7.0,False,False,1
942,1,0,1,1,0,1,0,1,1,1,-7.0,False,False,1
943,1,1,1,1,0,1,0,1,1,1,-8.0,False,False,1
944,0,0,0,0,1,1,0,1,1,1,-5.0,False,False,1
945,0,1,0,0,1,1,0,1,1,1,-6.0,False,False,1
946,1,0,0,0,1,1,0,1,1,1,-6.0,False,False,1
947,1,1,0,0,1,1,0,1,1,1,-7.0,False,False,1
948,0,0,1,0,1,1,0,1,1,1,-6.0,False,False,1
949,0,1,1,0,1,1,0,1,1,1,-7.0,False,False,1
950,1,0,1,0,1,1,0,1,1,1,-7.0,False,False,1
951,1,1,1,0,1,1,0,1,1,1,-8.0,False,False,1
952,0,0,0,1,1,1,0,1,1,1,-6.0,False,False,1
953,0,1,0,1,1,1,0,1,1,1,-7.0,False,False,1
954,1,0,0,1,1,1,0,1,1,1,-7.0,False,False,1
955,1,1,0,1,1,1,0,1,1,1,-8.0,False,False,1
956,0,0,1,1,1,1,0,1,1,1,-7.0,False,False,1
957,0,1,1,1,1,1,0,1,1,1,-8.0,False,False,1
958,1,0,1,1,1,1,0,1,1,1,-8.0,False,False,1
959,1,1,1,1,1,1,0,1,1,1,-9.0,False,False,1
960,0,0,0,0,0,0,1,1,1,1,-4.0,False,False,1
961,0,1,0,0,0,0,1,1,1,1,-5.0,False,False,1
962,1,0,0,0,0,0,1,1,1,1,-5.0,False,False,1
963,1,1,0,0,0,0,1,1,1,1,-6.0,False,False,1
964,0,0,1,0,0,0,1,1,1,1,-5.0,False,False,1
965,0,1,1,0,0,0,1,1,1,1,-6.0,False,False,1
966,1,0,1,0,0,0,1,1,1,1,-6.0,False,False,1
967,1,1,1,0,0,0,1,1,1,1,-7.0,False,False,1
968,0,0,0,1,0,0,1,1,1,1,-5.0,False,False,1
969,0,1,0,1,0,0,1,1,1,1,-6.0,False,False,1
970,1,0,0,1,0,0,1,1,1,1,-6.0,False,False,1
971,1,1,0,1,0,0,1,1,1,1,-7.0,False,False,1
972,0,0,1,1,0,0,1,1,1,1,-6.0,False,False,1
973,0,1,1,1,0,0,1,1,1,1,-7.0,False,False,1
974,1,0,1,1,0,0,1,1,1,1,-7.0,False,False,1
975,1,1,1,1,0,0,1,1,1,1,-8.0,False,False,1
976,0,0,0,0,1,0,1,1,1,1,-5.0,False,False,1
977,0,1,0,0,1,0,1,1,1,1,-6.0,False,False,1
978,1,0,0,0,1,0,1,1,1,1,-6.0,False,False,1
979,1,1,0,0,1,0,1,1,1,1,-7.0,False,False,1
980,0,0,1,0,1,0,1,1,1,1,-6.0,False,False,1
981,0,1,1,0,1,0,1,1,1,1,-7.0,False,False,1
982,1,0,1,0,1,0,1,1,1,1,-7.0,False,False,1
983,1,1,1,0,1,0,1,1,1,1,-8.0,False,False,1
984,0,0,0,1,1,0,1,1,1,1,-6.0,False,False,1
985,0,1,0,1,1,0,1,1,1,1,-7.0,False,False,1
986,1,0,0,1,1,0,1,1,1,1,-7.0,False,False,1
987,1,1,0,1,1,0,1,1,1,1,-8.0,False,False,1
988,0,0,1,1,1,0,1,1,1,1,-7.0,False,False,1
989,0,1,1,1,1,0,1,1,1,1,-8.0,False,False,1
990,1,0,1,1,1,0,1,1,1,1,-8.0,False,False,1
991,1,1,1,1,1,0,1,1,1,1,-9.0,False,False,1
992,0,0,0,0,0,1,1,1,1,1,-5.0,False,False,1
993,0,1,0,0,0,1,1,1,1,1,-6.0,False,False,1
994,1,0,0,0,0,1,1,1,1,1,-6.0,False,False,1
995,1,1,0,0,0,1,1,1,1,1,-7.0,False,False,1
996,0,0,1,0,0,1,1,1,1,1,-6.0,False,False,1
997,0,1,1,0,0,1,1,1,1,1,-7.0,False,False,1
998,1,0,1,0,0,1,1,1,1,1,-7.0,False,False,1
999,1,1,1,0,0,1,1,1,1,1,-8.0,False,False,1
1000,0,0,0,1,0,1,1,1,1,1,-6.0,False,False,1
1001,0,1,0,1,0,1,1,1,1,1,-7.0,False,False,1
1002,1,0,0,1,0,1,1,1,1,1,-7.0,False,False,1
1003,1,1,0,1,0,1,1,1,1,1,-8.0,False,False,1
1004,0,0,1,1,0,1,1,1,1,1,-7.0,False,False,1
1005,0,1,1,1,0,1,1,1,1,1,-8.0,False,False,1
1006,1,0,1,1,0,1,1,1,1,1,-8.0,False,False,1
1007,1,1,1,1,0,1,1,1,1,1,-9.0,False,False,1
1008,0,0,0,0,1,1,1,1,1,1,-6.0,False,False,1
1009,0,1,0,0,1,1,1,1,1,1,-7.0,False,False,1
1010,1,0,0,0,1,1,1,1,1,1,-7.0,False,False,1
1011,1,1,0,0,1,1,1,1,1,1,-8.0,False,False,1
1012,0,0,1,0,1,1,1,1,1,1,-7.0,False,False,1
1013,0,1,1,0,1,1,1,1,1,1,-8.0,False,False,1
1014,1,0,1,0,1,1,1,1,1,1,-8.0,False,False,1
1015,1,1,1,0,1,1,1,1,1,1,-9.0,False,False,1
1016,0,0,0,1,1,1,1,1,1,1,-7.0,False,False,1
1017,0,1,0,1,1,1,1,1,1,1,-8.0,False,False,1
1018,1,0,0,1,1,1,1,1,1,1,-8.0,False,False,1
1019,1,1,0,1,1,1,1,1,1,1,-9.0,False,False,1
1020,0,0,1,1,1,1,1,1,1,1,-8.0,False,False,1
1021,0,1,1,1,1,1,1,1,1,1,-9.0,False,False,1
1022,1,0,1,1,1,1,1,1,1,1,-9.0,False,False,1
1023,1,1,1,1,1,1,1,1,1,1,-10.0,False,False,1
